book,chapter,section,agent.phrase,agent.pp,perfect,agent.nominality,subject.animacy,participle,agent.realization,lemma
1,1,0,DAT,NA,NON.PERFECT,NOUN,INANIMATE,PARTICIPLE,NON.PRONOMINAL,ἀποδείκνυμι
1,1,3,DAT,NA,PERFECT,PRONOUN,INANIMATE,PARTICIPLE,ENCLITIC.PRO,ἐξεμπολάω
1,7,4,PP,PARA,NON.PERFECT,PRONOUN,ANIMATE,PARTICIPLE,STRESSED.PRO,ἐπιτρέφω
1,8,4,DAT,NA,PERFECT,NOUN,INANIMATE,NON.PARTICIPLE,NON.PRONOMINAL,ἐξευρίσκω
1,9,1,PP,HYPO,NON.PERFECT,PRONOUN,ANIMATE,PARTICIPLE,STRESSED.PRO,ὁράω
1,10,2,PP,EK,NON.PERFECT,NOUN,INANIMATE,PARTICIPLE,NON.PRONOMINAL,ποιέω
1,11,4,PP,HYPO,NON.PERFECT,PRONOUN,ANIMATE,NON.PARTICIPLE,STRESSED.PRO,ἀπόλλυμι
1,14,3,PP,HYPO,NON.PERFECT,NOUN,INANIMATE,NON.PARTICIPLE,NON.PRONOMINAL,καλέω
1,14,3,PP,HYPO,NON.PERFECT,NOUN,INANIMATE,NON.PARTICIPLE,NON.PRONOMINAL,καλέω
1,16,2,PP,APO,NON.PERFECT,NOUN,INANIMATE,PARTICIPLE,NON.PRONOMINAL,κτίζω
1,18,2,DAT,NA,PERFECT,PRONOUN,INANIMATE,NON.PARTICIPLE,ENCLITIC.PRO,δηλόω
1,19,1,PP,HYPO,NON.PERFECT,NOUN,INANIMATE,PARTICIPLE,NON.PRONOMINAL,ἐμπίμπρημι
1,26,2,PP,HYPO,NON.PERFECT,PRONOUN,ANIMATE,PARTICIPLE,STRESSED.PRO,πολιορκέω
1,30,1,PP,HYPO,NON.PERFECT,NOUN,ANIMATE,NON.PARTICIPLE,NON.PRONOMINAL,ξενίζω
1,31,2,DAT,NA,NON.PERFECT,NOUN,ANIMATE,NON.PARTICIPLE,NON.PRONOMINAL,κομίζω
1,31,2,DAT,NA,NON.PERFECT,PRONOUN,ANIMATE,NON.PARTICIPLE,ENCLITIC.PRO,ὀχέω
1,31,3,PP,HYPO,NON.PERFECT,NOUN,ANIMATE,PARTICIPLE,NON.PRONOMINAL,ὁράω
1,32,1,DAT,NA,PERFECT,PRONOUN,INANIMATE,NON.PARTICIPLE,ENCLITIC.PRO,ἀπορρίπτω
1,35,3,PP,HYPO,PERFECT,NOUN,ANIMATE,PARTICIPLE,NON.PRONOMINAL,ἐξελαύνω
1,35,3,PP,HYPO,PERFECT,NOUN,ANIMATE,PARTICIPLE,NON.PRONOMINAL,στερέω
1,40,1,PP,HYPO,PERFECT,PRONOUN,ANIMATE,PARTICIPLE,STRESSED.PRO,νικάω
1,46,1,PP,HYPO,NON.PERFECT,NOUN,INANIMATE,PARTICIPLE,NON.PRONOMINAL,καθαιρέω
1,47,2,PP,PROS,NON.PERFECT,PRONOUN,INANIMATE,NON.PARTICIPLE,STRESSED.PRO,λέγω
1,51,2,PP,HYPO,NON.PERFECT,NOUN,INANIMATE,NON.PARTICIPLE,NON.PRONOMINAL,ἐπικίρνημι
1,59,1,PP,HYPO,NON.PERFECT,NOUN,INANIMATE,PARTICIPLE,NON.PRONOMINAL,κατέχω
1,59,1,PP,HYPO,NON.PERFECT,NOUN,INANIMATE,PARTICIPLE,NON.PRONOMINAL,διασπάω
1,61,4,DAT,NA,PERFECT,PRONOUN,INANIMATE,NON.PARTICIPLE,ENCLITIC.PRO,ἐξαρτύω
1,63,2,PP,HYPO,PERFECT,NOUN,INANIMATE,PARTICIPLE,NON.PRONOMINAL,ἐντέλλω
1,67,2,PP,HYPO,NON.PERFECT,NOUN,ANIMATE,NON.PARTICIPLE,NON.PRONOMINAL,ἡσσάομαι
1,68,6,DAT,NA,PERFECT,PRONOUN,INANIMATE,NON.PARTICIPLE,ENCLITIC.PRO,καταστρέφω
1,70,3,PP,HYPO,NON.PERFECT,NOUN,ANIMATE,NON.PARTICIPLE,NON.PRONOMINAL,ἀφαιρέω
1,72,1,PP,HYPO,NON.PERFECT,NOUN,ANIMATE,NON.PARTICIPLE,NON.PRONOMINAL,ὀνομάζω
1,77,2,DAT,NA,PERFECT,PRONOUN,INANIMATE,NON.PARTICIPLE,STRESSED.PRO,ποιέω
1,80,6,PP,HYPO,NON.PERFECT,NOUN,ANIMATE,NON.PARTICIPLE,NON.PRONOMINAL,πολιορκέω
1,86,3,DAT,NA,PERFECT,PRONOUN,INANIMATE,NON.PARTICIPLE,ENCLITIC.PRO,λέγω
1,87,1,PP,HYPO,NON.PERFECT,NOUN,INANIMATE,NON.PARTICIPLE,NON.PRONOMINAL,λέγω
1,87,1,PP,EK,NON.PERFECT,PRONOUN,INANIMATE,NON.PARTICIPLE,STRESSED.PRO,δωρέω
1,91,6,PP,HYPO,NON.PERFECT,PRONOUN,ANIMATE,NON.PARTICIPLE,STRESSED.PRO,ἄρχω
1,94,7,PP,HYPO,PERFECT,NOUN,ANIMATE,NON.PARTICIPLE,NON.PRONOMINAL,δουλόω
1,98,1,PP,HYPO,NON.PERFECT,NOUN,ANIMATE,NON.PARTICIPLE,NON.PRONOMINAL,προβάλλω
1,98,1,PP,HYPO,NON.PERFECT,NOUN,ANIMATE,NON.PARTICIPLE,NON.PRONOMINAL,αἰνέω
1,99,1,PP,HYPO,NON.PERFECT,PRONOUN,ANIMATE,NON.PARTICIPLE,STRESSED.PRO,ὁράω
1,100,2,DAT,NA,PERFECT,PRONOUN,INANIMATE,NON.PARTICIPLE,ENCLITIC.PRO,κοσμέω
1,103,2,PP,HYPO,NON.PERFECT,PRONOUN,ANIMATE,PARTICIPLE,STRESSED.PRO,ἄρχω
1,112,3,DAT,NA,PERFECT,PRONOUN,INANIMATE,NON.PARTICIPLE,STRESSED.PRO,βουλεύω
1,114,3,PP,EK,NON.PERFECT,NOUN,INANIMATE,PARTICIPLE,NON.PRONOMINAL,προστάσσω
1,114,5,PP,HYPO,PERFECT,NOUN,ANIMATE,NON.PARTICIPLE,NON.PRONOMINAL,περιυβρίζω
1,118,1,DAT,NA,PERFECT,PRONOUN,INANIMATE,NON.PARTICIPLE,ENCLITIC.PRO,παλιλλογέω
1,122,3,PP,HYPO,NON.PERFECT,NOUN,ANIMATE,NON.PARTICIPLE,NON.PRONOMINAL,τρέφω
1,123,3,DAT,NA,PERFECT,PRONOUN,INANIMATE,PARTICIPLE,ENCLITIC.PRO,κατεργάζομαι
1,124,3,PP,HYPO,NON.PERFECT,NOUN,ANIMATE,NON.PARTICIPLE,NON.PRONOMINAL,ἀποδείκνυμι
1,127,1,PP,HYPO,NON.PERFECT,NOUN,ANIMATE,NON.PARTICIPLE,NON.PRONOMINAL,ἄρχω
1,129,3,PP,DIA,NON.PERFECT,PRONOUN,INANIMATE,NON.PARTICIPLE,STRESSED.PRO,πράσσω
1,130,3,DAT,NA,PERFECT,PRONOUN,INANIMATE,NON.PARTICIPLE,ENCLITIC.PRO,λέγω
1,138,1,DAT,NA,PERFECT,PRONOUN,INANIMATE,NON.PARTICIPLE,STRESSED.PRO,νομίζω
1,138,2,PP,HYPO,NON.PERFECT,PRONOUN,ANIMATE,PARTICIPLE,STRESSED.PRO,λαμβάνω
1,140,1,PP,HYPO,NON.PERFECT,NOUN,INANIMATE,NON.PARTICIPLE,NON.PRONOMINAL,ἕλκω
1,140,1,PP,HYPO,NON.PERFECT,NOUN,INANIMATE,NON.PARTICIPLE,NON.PRONOMINAL,ἕλκω
1,141,1,PP,HYPO,PERFECT,NOUN,ANIMATE,NON.PARTICIPLE,NON.PRONOMINAL,καταστρέφω
1,145,1,PP,HYPO,NON.PERFECT,NOUN,ANIMATE,PARTICIPLE,NON.PRONOMINAL,ἡσσάομαι
1,148,1,PP,HYPO,PERFECT,NOUN,INANIMATE,PARTICIPLE,NON.PRONOMINAL,ἐξαιρέω
1,149,1,PP,HYPO,NON.PERFECT,NOUN,INANIMATE,NON.PARTICIPLE,NON.PRONOMINAL,παραλύω
1,153,1,DAT,NA,PERFECT,PRONOUN,INANIMATE,PARTICIPLE,STRESSED.PRO,ἀποδείκνυμι
1,159,2,PP,APO,NON.PERFECT,PRONOUN,INANIMATE,NON.PARTICIPLE,STRESSED.PRO,δηλόω
1,160,3,PP,EK,NON.PERFECT,NOUN,INANIMATE,PARTICIPLE,NON.PRONOMINAL,πράσσω
1,160,3,PP,HYPO,NON.PERFECT,NOUN,ANIMATE,NON.PARTICIPLE,NON.PRONOMINAL,ἐκδίδωμι
1,162,2,PP,HYPO,NON.PERFECT,NOUN,ANIMATE,PARTICIPLE,NON.PRONOMINAL,ἀποδείκνυμι
1,165,2,DAT,NA,PERFECT,PRONOUN,INANIMATE,NON.PARTICIPLE,ENCLITIC.PRO,ἐξεργάζομαι
1,168,1,PP,HYPO,NON.PERFECT,NOUN,ANIMATE,PARTICIPLE,NON.PRONOMINAL,ἐξελαύνω
1,169,2,DAT,NA,PERFECT,PRONOUN,INANIMATE,NON.PARTICIPLE,ENCLITIC.PRO,λέγω
1,172,2,DAT,NA,NON.PERFECT,PRONOUN,INANIMATE,PARTICIPLE,ENCLITIC.PRO,ἱδρύω
1,173,3,PP,HYPO,NON.PERFECT,NOUN,ANIMATE,NON.PARTICIPLE,NON.PRONOMINAL,καλέω
1,173,3,PP,HYPO,NON.PERFECT,NOUN,ANIMATE,PARTICIPLE,NON.PRONOMINAL,ἐξελαύνω
1,174,1,PP,HYPO,NON.PERFECT,NOUN,ANIMATE,NON.PARTICIPLE,NON.PRONOMINAL,δουλόω
1,183,3,PP,HYPO,NON.PERFECT,NOUN,INANIMATE,NON.PARTICIPLE,NON.PRONOMINAL,λέγω
1,185,1,DAT,NA,PERFECT,PRONOUN,INANIMATE,PARTICIPLE,STRESSED.PRO,αἱρέω
1,185,5,DAT,NA,PERFECT,PRONOUN,INANIMATE,NON.PARTICIPLE,ENCLITIC.PRO,ὀρύσσω
1,191,5,PP,EK,NON.PERFECT,NOUN,INANIMATE,PARTICIPLE,NON.PRONOMINAL,ποιέω
1,191,6,PP,HYPO,NON.PERFECT,NOUN,INANIMATE,NON.PARTICIPLE,NON.PRONOMINAL,λέγω
1,192,1,DAT,NA,PERFECT,NOUN,INANIMATE,NON.PARTICIPLE,NON.PRONOMINAL,διαιρέω
1,201,1,DAT,NA,PERFECT,NOUN,ANIMATE,NON.PARTICIPLE,NON.PRONOMINAL,κατεργάζομαι
1,202,1,DAT,NA,PERFECT,PRONOUN,INANIMATE,PARTICIPLE,ENCLITIC.PRO,ἐξευρίσκω
1,202,2,DAT,NA,PERFECT,PRONOUN,INANIMATE,NON.PARTICIPLE,ENCLITIC.PRO,ἐξευρίσκω
1,210,2,PP,HYPO,NON.PERFECT,PRONOUN,ANIMATE,NON.PARTICIPLE,STRESSED.PRO,ἄρχω
1,214,2,DAT,NA,PERFECT,PRONOUN,INANIMATE,NON.PARTICIPLE,ENCLITIC.PRO,ἐκτοξεύω
1,214,5,DAT,NA,PERFECT,PRONOUN,INANIMATE,NON.PARTICIPLE,ENCLITIC.PRO,λέγω
1,216,3,DAT,NA,PERFECT,PRONOUN,INANIMATE,NON.PARTICIPLE,ENCLITIC.PRO,νομίζω
2,9,2,DAT,NA,PERFECT,PRONOUN,INANIMATE,NON.PARTICIPLE,ENCLITIC.PRO,δηλόω
2,15,3,PP,HYPO,NON.PERFECT,NOUN,INANIMATE,PARTICIPLE,NON.PRONOMINAL,καλέω
2,17,1,PP,HYPO,NON.PERFECT,NOUN,INANIMATE,PARTICIPLE,NON.PRONOMINAL,οἰκέω
2,31,1,DAT,NA,NON.PERFECT,NOUN,INANIMATE,NON.PARTICIPLE,NON.PRONOMINAL,εὑρίσκω
2,32,5,PP,HYPO,NON.PERFECT,NOUN,ANIMATE,PARTICIPLE,NON.PRONOMINAL,ἀποπέμπω
2,33,1,DAT,NA,PERFECT,PRONOUN,INANIMATE,NON.PARTICIPLE,ENCLITIC.PRO,δηλόω
2,34,1,PP,PROS,NON.PERFECT,NOUN,INANIMATE,NON.PARTICIPLE,NON.PRONOMINAL,γιγνώσκω
2,36,2,DAT,NA,PERFECT,NOUN,INANIMATE,NON.PARTICIPLE,NON.PRONOMINAL,ἀποκρίνω
2,42,3,DAT,NA,NON.PERFECT,PRONOUN,INANIMATE,NON.PARTICIPLE,ENCLITIC.PRO,τίθημι
2,42,3,PP,HYPO,NON.PERFECT,PRONOUN,ANIMATE,NON.PARTICIPLE,STRESSED.PRO,ὁράω
2,43,2,DAT,NA,PERFECT,PRONOUN,ANIMATE,NON.PARTICIPLE,ENCLITIC.PRO,ἀποδείκνυμι
2,44,2,DAT,NA,PERFECT,PRONOUN,INANIMATE,NON.PARTICIPLE,ENCLITIC.PRO,ἱδρύω
2,44,4,PP,HYPO,PERFECT,NOUN,INANIMATE,PARTICIPLE,NON.PRONOMINAL,ἱδρύω
2,47,2,PP,HYPO,NON.PERFECT,NOUN,INANIMATE,PARTICIPLE,NON.PRONOMINAL,λέγω
2,47,2,DAT,NA,NON.PERFECT,PRONOUN,INANIMATE,NON.PARTICIPLE,STRESSED.PRO,λέγω
2,48,2,DAT,NA,PERFECT,PRONOUN,INANIMATE,NON.PARTICIPLE,ENCLITIC.PRO,ἐξευρίσκω
2,50,2,DAT,NA,PERFECT,PRONOUN,INANIMATE,NON.PARTICIPLE,ENCLITIC.PRO,λέγω
2,50,2,PP,HYPO,NON.PERFECT,NOUN,ANIMATE,NON.PARTICIPLE,NON.PRONOMINAL,ὀνομάζω
2,54,1,PP,HYPO,NON.PERFECT,NOUN,ANIMATE,NON.PARTICIPLE,NON.PRONOMINAL,ἐξάγω
2,56,3,PP,HYPO,PERFECT,NOUN,ANIMATE,NON.PARTICIPLE,NON.PRONOMINAL,πιπράσκω
2,56,3,PP,HYPO,NON.PERFECT,PRONOUN,ANIMATE,NON.PARTICIPLE,STRESSED.PRO,πιπράσκω
2,57,1,PP,PROS,NON.PERFECT,NOUN,ANIMATE,NON.PARTICIPLE,NON.PRONOMINAL,καλέω
2,61,1,DAT,NA,PERFECT,PRONOUN,INANIMATE,NON.PARTICIPLE,ENCLITIC.PRO,λέγω
2,65,5,DAT,NA,PERFECT,PRONOUN,INANIMATE,NON.PARTICIPLE,STRESSED.PRO,ἀποδείκνυμι
2,68,4,PP,PROS,NON.PERFECT,PRONOUN,ANIMATE,PARTICIPLE,STRESSED.PRO,ὠφελέω
2,75,4,PP,PROS,PERFECT,NOUN,ANIMATE,NON.PARTICIPLE,NON.PRONOMINAL,τιμάω
2,76,1,DAT,NA,NON.PERFECT,NOUN,ANIMATE,PARTICIPLE,NON.PRONOMINAL,εἱλέω
2,77,5,DAT,NA,PERFECT,PRONOUN,ANIMATE,NON.PARTICIPLE,ENCLITIC.PRO,ἀποδείκνυμι
2,79,3,PP,HYPO,NON.PERFECT,NOUN,ANIMATE,NON.PARTICIPLE,NON.PRONOMINAL,τιμάω
2,82,1,DAT,NA,PERFECT,NOUN,INANIMATE,NON.PARTICIPLE,NON.PRONOMINAL,ἐξευρίσκω
2,82,2,DAT,NA,PERFECT,PRONOUN,INANIMATE,NON.PARTICIPLE,ENCLITIC.PRO,ἀνευρίσκω
2,84,1,DAT,NA,PERFECT,PRONOUN,INANIMATE,NON.PARTICIPLE,ENCLITIC.PRO,δατέομαι
2,86,2,DAT,NA,NON.PERFECT,PRONOUN,INANIMATE,NON.PARTICIPLE,ENCLITIC.PRO,σκευάζω
2,90,1,PP,HYPO,NON.PERFECT,NOUN,ANIMATE,PARTICIPLE,NON.PRONOMINAL,ἁρπάζω
2,92,1,DAT,NA,PERFECT,PRONOUN,INANIMATE,NON.PARTICIPLE,ENCLITIC.PRO,ἐξευρίσκω
2,95,1,DAT,NA,PERFECT,PRONOUN,INANIMATE,NON.PARTICIPLE,ENCLITIC.PRO,μηχανάομαι
2,96,1,DAT,NA,NON.PERFECT,PRONOUN,INANIMATE,NON.PARTICIPLE,ENCLITIC.PRO,ποιέω
2,99,3,PP,HYPO,NON.PERFECT,NOUN,INANIMATE,NON.PARTICIPLE,NON.PRONOMINAL,ἔχω
2,99,4,DAT,NA,PERFECT,NOUN,INANIMATE,PARTICIPLE,NON.PRONOMINAL,ἀπέργω
2,105,1,PP,HYPO,PERFECT,NOUN,INANIMATE,NON.PARTICIPLE,NON.PRONOMINAL,καλέω
2,110,2,DAT,NA,PERFECT,PRONOUN,INANIMATE,NON.PARTICIPLE,ENCLITIC.PRO,ποιέω
2,118,4,PP,HYPO,NON.PERFECT,PRONOUN,ANIMATE,NON.PARTICIPLE,STRESSED.PRO,καταγελάω
2,121D,6,DAT,NA,NON.PERFECT,NOUN,INANIMATE,PARTICIPLE,NON.PRONOMINAL,προστάσσω
2,121E,2,DAT,NA,PERFECT,PRONOUN,INANIMATE,NON.PARTICIPLE,STRESSED.PRO,ἐργάζομαι
2,121E,3,PP,EK,NON.PERFECT,NOUN,INANIMATE,PARTICIPLE,NON.PRONOMINAL,προστάσσω
2,122,1,PP,HYPO,NON.PERFECT,PRONOUN,ANIMATE,NON.PARTICIPLE,STRESSED.PRO,ἡσσάομαι
2,122,3,PP,HYPO,NON.PERFECT,NOUN,ANIMATE,NON.PARTICIPLE,NON.PRONOMINAL,ἄγω
2,123,1,PP,HYPO,NON.PERFECT,NOUN,INANIMATE,PARTICIPLE,NON.PRONOMINAL,λέγω
2,123,1,PP,HYPO,NON.PERFECT,NOUN,INANIMATE,PARTICIPLE,NON.PRONOMINAL,λέγω
2,125,4,DAT,NA,PERFECT,PRONOUN,INANIMATE,NON.PARTICIPLE,STRESSED.PRO,λέγω
2,126,1,PP,HYPO,NON.PERFECT,NOUN,INANIMATE,PARTICIPLE,NON.PRONOMINAL,τάσσω
2,132,2,PP,HYPO,NON.PERFECT,PRONOUN,ANIMATE,PARTICIPLE,STRESSED.PRO,ὀνομάζω
2,135,1,PP,HYPO,NON.PERFECT,NOUN,ANIMATE,NON.PARTICIPLE,NON.PRONOMINAL,λύω
2,135,3,DAT,NA,PERFECT,PRONOUN,INANIMATE,PARTICIPLE,STRESSED.PRO,ἐξευρίσκω
2,137,4,PP,HYPO,NON.PERFECT,NOUN,INANIMATE,NON.PARTICIPLE,NON.PRONOMINAL,χόω
2,145,2,DAT,NA,PERFECT,PRONOUN,INANIMATE,NON.PARTICIPLE,ENCLITIC.PRO,δηλόω
2,145,4,PP,HYPO,NON.PERFECT,NOUN,ANIMATE,NON.PARTICIPLE,NON.PRONOMINAL,λέγω
2,146,1,DAT,NA,PERFECT,PRONOUN,INANIMATE,NON.PARTICIPLE,STRESSED.PRO,ἀποδείκνυμι
2,151,3,PP,EK,NON.PERFECT,NOUN,INANIMATE,PARTICIPLE,NON.PRONOMINAL,ποιέω
2,152,3,PP,PROS,PERFECT,PRONOUN,ANIMATE,NON.PARTICIPLE,STRESSED.PRO,περιυβρίζω
2,155,2,DAT,NA,PERFECT,PRONOUN,INANIMATE,NON.PARTICIPLE,ENCLITIC.PRO,ὀνομάζω
2,156,2,PP,HYPO,NON.PERFECT,NOUN,INANIMATE,NON.PARTICIPLE,NON.PRONOMINAL,λέγω
2,172,4,PP,EK,NON.PERFECT,NOUN,INANIMATE,PARTICIPLE,NON.PRONOMINAL,ποιέω
2,173,2,PP,HYPO,NON.PERFECT,NOUN,ANIMATE,NON.PARTICIPLE,NON.PRONOMINAL,ἄρχω
2,174,1,PP,HYPO,NON.PERFECT,NOUN,ANIMATE,NON.PARTICIPLE,NON.PRONOMINAL,αἱρέω
2,175,3,DAT,NA,PERFECT,PRONOUN,ANIMATE,NON.PARTICIPLE,ENCLITIC.PRO,προστάσσω
3,1,4,PP,HYPO,PERFECT,NOUN,ANIMATE,PARTICIPLE,NON.PRONOMINAL,διαβάλλω
3,11,2,DAT,NA,PERFECT,NOUN,ANIMATE,NON.PARTICIPLE,NON.PRONOMINAL,καταλείπω
3,12,4,PP,HYPO,NON.PERFECT,NOUN,ANIMATE,PARTICIPLE,NON.PRONOMINAL,διαφθείρω
3,14,8,PP,HYPO,NON.PERFECT,PRONOUN,INANIMATE,PARTICIPLE,STRESSED.PRO,ποιέω
3,14,10,PP,HYPO,NON.PERFECT,PRONOUN,INANIMATE,PARTICIPLE,STRESSED.PRO,ἀποφέρω
3,14,11,PP,HYPO,NON.PERFECT,NOUN,INANIMATE,NON.PARTICIPLE,NON.PRONOMINAL,λέγω
3,16,4,PP,HYPO,NON.PERFECT,NOUN,INANIMATE,NON.PARTICIPLE,NON.PRONOMINAL,καταβιβρώσκω
3,16,4,DAT,NA,NON.PERFECT,PRONOUN,INANIMATE,PARTICIPLE,STRESSED.PRO,νομίζω
3,21,2,PP,HYPO,PERFECT,PRONOUN,ANIMATE,NON.PARTICIPLE,STRESSED.PRO,ἀδικέω
3,23,3,DAT,NA,NON.PERFECT,PRONOUN,INANIMATE,NON.PARTICIPLE,ENCLITIC.PRO,λέγω
3,26,3,PP,HYPO,NON.PERFECT,NOUN,INANIMATE,NON.PARTICIPLE,NON.PRONOMINAL,λέγω
3,29,3,DAT,NA,PERFECT,NOUN,INANIMATE,NON.PARTICIPLE,NON.PRONOMINAL,διαλύω
3,43,2,DAT,NA,NON.PERFECT,PRONOUN,INANIMATE,NON.PARTICIPLE,ENCLITIC.PRO,διαλύω
3,45,1,PP,HYPO,NON.PERFECT,NOUN,ANIMATE,PARTICIPLE,NON.PRONOMINAL,ἀποπέμπω
3,45,3,PP,HYPO,NON.PERFECT,NOUN,ANIMATE,NON.PARTICIPLE,NON.PRONOMINAL,ἡσσάομαι
3,46,1,PP,HYPO,NON.PERFECT,NOUN,ANIMATE,PARTICIPLE,NON.PRONOMINAL,ἐξελαύνω
3,51,2,PP,HYPO,NON.PERFECT,PRONOUN,ANIMATE,PARTICIPLE,STRESSED.PRO,ἐξελαύνω
3,53,5,PP,HYPO,NON.PERFECT,NOUN,ANIMATE,PARTICIPLE,NON.PRONOMINAL,διδάσκω
3,55,2,PP,HYPO,NON.PERFECT,NOUN,ANIMATE,NON.PARTICIPLE,NON.PRONOMINAL,θάπτω
3,58,4,DAT,NA,NON.PERFECT,PRONOUN,ANIMATE,NON.PARTICIPLE,STRESSED.PRO,ἡσσάομαι
3,58,4,PP,HYPO,NON.PERFECT,NOUN,ANIMATE,NON.PARTICIPLE,NON.PRONOMINAL,ἀποκλείω
3,60,1,DAT,NA,PERFECT,PRONOUN,INANIMATE,NON.PARTICIPLE,ENCLITIC.PRO,ἐξεργάζομαι
3,60,4,DAT,NA,PERFECT,PRONOUN,INANIMATE,NON.PARTICIPLE,ENCLITIC.PRO,ἐξεργάζομαι
3,62,1,PP,EK,PERFECT,NOUN,INANIMATE,PARTICIPLE,NON.PRONOMINAL,ἐντέλλω
3,62,2,PP,EK,PERFECT,NOUN,ANIMATE,NON.PARTICIPLE,NON.PRONOMINAL,προδίδωμι
3,64,5,PP,EK,PERFECT,NOUN,ANIMATE,PARTICIPLE,NON.PRONOMINAL,ἐκπλήσσω
3,65,3,PP,PROS,NON.PERFECT,NOUN,ANIMATE,NON.PARTICIPLE,NON.PRONOMINAL,ἀφαιρέω
3,65,3,DAT,NA,PERFECT,PRONOUN,ANIMATE,PARTICIPLE,ENCLITIC.PRO,ὑφαιρέω
3,65,5,DAT,NA,PERFECT,PRONOUN,INANIMATE,NON.PARTICIPLE,ENCLITIC.PRO,ἐξεργάζομαι
3,65,6,PP,HYPO,NON.PERFECT,PRONOUN,INANIMATE,NON.PARTICIPLE,STRESSED.PRO,ἀφαιρέω
3,73,1,PP,HYPO,NON.PERFECT,NOUN,ANIMATE,NON.PARTICIPLE,NON.PRONOMINAL,ἄρχω
3,74,3,PP,HYPO,NON.PERFECT,NOUN,ANIMATE,NON.PARTICIPLE,NON.PRONOMINAL,ἄρχω
3,74,3,PP,HYPO,NON.PERFECT,PRONOUN,ANIMATE,NON.PARTICIPLE,STRESSED.PRO,ἄρχω
3,75,2,PP,HYPO,NON.PERFECT,NOUN,ANIMATE,PARTICIPLE,NON.PRONOMINAL,ἀναγκάζω
3,79,3,PP,HYPO,PERFECT,NOUN,INANIMATE,NON.PARTICIPLE,NON.PRONOMINAL,καλέω
3,81,1,DAT,NA,PERFECT,PRONOUN,INANIMATE,NON.PARTICIPLE,STRESSED.PRO,λέγω
3,82,4,PP,HYPO,NON.PERFECT,NOUN,ANIMATE,NON.PARTICIPLE,NON.PRONOMINAL,θαυμάζω
3,83,2,PP,HYPO,NON.PERFECT,PRONOUN,ANIMATE,NON.PARTICIPLE,STRESSED.PRO,ἄρχω
3,85,1,DAT,NA,PERFECT,PRONOUN,INANIMATE,NON.PARTICIPLE,STRESSED.PRO,δοκέω
3,87,1,PP,HYPO,NON.PERFECT,NOUN,INANIMATE,NON.PARTICIPLE,NON.PRONOMINAL,λέγω
3,90,1,DAT,NA,PERFECT,PRONOUN,INANIMATE,NON.PARTICIPLE,ENCLITIC.PRO,τάσσω
3,97,1,DAT,NA,PERFECT,PRONOUN,INANIMATE,NON.PARTICIPLE,ENCLITIC.PRO,λέγω
3,97,4,PP,HYPO,NON.PERFECT,NOUN,ANIMATE,NON.PARTICIPLE,NON.PRONOMINAL,ἄρχω
3,105,1,PP,HYPO,NON.PERFECT,NOUN,INANIMATE,NON.PARTICIPLE,NON.PRONOMINAL,λέγω
3,108,3,PP,HYPO,NON.PERFECT,NOUN,ANIMATE,NON.PARTICIPLE,NON.PRONOMINAL,θηρεύω
3,108,3,PP,HYPO,NON.PERFECT,NOUN,ANIMATE,NON.PARTICIPLE,NON.PRONOMINAL,θηρεύω
3,108,3,PP,HYPO,NON.PERFECT,NOUN,ANIMATE,NON.PARTICIPLE,NON.PRONOMINAL,θηρεύω
3,111,3,PP,EK,NON.PERFECT,PRONOUN,INANIMATE,PARTICIPLE,STRESSED.PRO,συλλέγω
3,115,1,PP,HYPO,NON.PERFECT,NOUN,INANIMATE,NON.PARTICIPLE,NON.PRONOMINAL,καλέω
3,115,2,PP,HYPO,NON.PERFECT,NOUN,INANIMATE,PARTICIPLE,NON.PRONOMINAL,ποιέω
3,120,1,PP,HYPO,NON.PERFECT,NOUN,ANIMATE,NON.PARTICIPLE,NON.PRONOMINAL,καθίστημι
3,124,1,PP,HYPO,NON.PERFECT,NOUN,ANIMATE,NON.PARTICIPLE,NON.PRONOMINAL,λούω
3,124,1,PP,HYPO,NON.PERFECT,NOUN,ANIMATE,NON.PARTICIPLE,NON.PRONOMINAL,χρίω
3,125,4,PP,HYPO,NON.PERFECT,NOUN,ANIMATE,NON.PARTICIPLE,NON.PRONOMINAL,λούω
3,125,4,PP,HYPO,NON.PERFECT,NOUN,ANIMATE,NON.PARTICIPLE,NON.PRONOMINAL,χρίω
3,126,1,PP,HYPO,PERFECT,NOUN,ANIMATE,PARTICIPLE,NON.PRONOMINAL,ἀφαιρέω
3,127,3,PP,HYPO,NON.PERFECT,PRONOUN,ANIMATE,PARTICIPLE,STRESSED.PRO,πέμπω
3,130,5,DAT,NA,NON.PERFECT,PRONOUN,INANIMATE,NON.PARTICIPLE,ENCLITIC.PRO,συλλέγω
3,134,1,PP,HYPO,NON.PERFECT,NOUN,ANIMATE,PARTICIPLE,NON.PRONOMINAL,διδάσκω
3,134,2,PP,HYPO,NON.PERFECT,NOUN,ANIMATE,NON.PARTICIPLE,NON.PRONOMINAL,ἄρχω
3,142,2,DAT,NA,PERFECT,PRONOUN,INANIMATE,NON.PARTICIPLE,ENCLITIC.PRO,ποιέω
3,146,2,DAT,NA,PERFECT,PRONOUN,INANIMATE,NON.PARTICIPLE,ENCLITIC.PRO,ποιέω
3,157,4,DAT,NA,PERFECT,PRONOUN,ANIMATE,NON.PARTICIPLE,ENCLITIC.PRO,ἀποδείκνυμι
4,1,2,DAT,NA,PERFECT,PRONOUN,INANIMATE,NON.PARTICIPLE,ENCLITIC.PRO,λέγω
4,7,2,PP,HYPO,NON.PERFECT,NOUN,ANIMATE,NON.PARTICIPLE,NON.PRONOMINAL,λέγω
4,10,2,PP,HYPO,NON.PERFECT,NOUN,ANIMATE,PARTICIPLE,NON.PRONOMINAL,ἐκβάλλω
4,11,1,PP,HYPO,NON.PERFECT,NOUN,ANIMATE,PARTICIPLE,NON.PRONOMINAL,πιέζω
4,13,2,PP,HYPO,NON.PERFECT,NOUN,ANIMATE,NON.PARTICIPLE,NON.PRONOMINAL,ἐξωθέω
4,13,2,PP,HYPO,NON.PERFECT,NOUN,ANIMATE,PARTICIPLE,NON.PRONOMINAL,πιέζω
4,14,3,PP,HYPO,NON.PERFECT,NOUN,INANIMATE,NON.PARTICIPLE,NON.PRONOMINAL,καλέω
4,23,5,PP,HYPO,NON.PERFECT,PRONOUN,ANIMATE,NON.PARTICIPLE,STRESSED.PRO,ἀδικέω
4,25,2,PP,HYPO,NON.PERFECT,NOUN,INANIMATE,PARTICIPLE,NON.PRONOMINAL,οἰκέω
4,32,1,DAT,NA,PERFECT,NOUN,INANIMATE,NON.PARTICIPLE,NON.PRONOMINAL,λέγω
4,33,4,DAT,NA,NON.PERFECT,NOUN,ANIMATE,PARTICIPLE,NON.PRONOMINAL,ἀποπέμπω
4,35,2,PP,PROS,PERFECT,PRONOUN,INANIMATE,NON.PARTICIPLE,STRESSED.PRO,δίδωμι
4,43,2,PP,HYPO,NON.PERFECT,NOUN,ANIMATE,NON.PARTICIPLE,NON.PRONOMINAL,ἀνασκολοπίζω
4,44,1,PP,HYPO,NON.PERFECT,NOUN,INANIMATE,NON.PARTICIPLE,NON.PRONOMINAL,ἐξευρίσκω
4,45,1,PP,PROS,NON.PERFECT,PRONOUN,INANIMATE,NON.PARTICIPLE,STRESSED.PRO,γιγνώσκω
4,45,3,PP,HYPO,NON.PERFECT,NOUN,INANIMATE,NON.PARTICIPLE,NON.PRONOMINAL,λέγω
4,45,4,PP,PROS,NON.PERFECT,NOUN,INANIMATE,NON.PARTICIPLE,NON.PRONOMINAL,γιγνώσκω
4,45,5,PP,HYPO,NON.PERFECT,NOUN,INANIMATE,NON.PARTICIPLE,NON.PRONOMINAL,καλέω
4,46,2,DAT,NA,PERFECT,NOUN,INANIMATE,NON.PARTICIPLE,NON.PRONOMINAL,ἐξευρίσκω
4,46,2,DAT,NA,PERFECT,PRONOUN,INANIMATE,NON.PARTICIPLE,ENCLITIC.PRO,ἀνευρίσκω
4,47,1,DAT,NA,PERFECT,PRONOUN,INANIMATE,NON.PARTICIPLE,ENCLITIC.PRO,ἐξευρίσκω
4,61,1,DAT,NA,PERFECT,PRONOUN,INANIMATE,NON.PARTICIPLE,ENCLITIC.PRO,ἐξευρίσκω
4,62,1,DAT,NA,PERFECT,PRONOUN,INANIMATE,NON.PARTICIPLE,ENCLITIC.PRO,ἐνιδρύω
4,62,2,DAT,NA,PERFECT,NOUN,INANIMATE,NON.PARTICIPLE,NON.PRONOMINAL,ἱδρύω
4,65,1,DAT,NA,PERFECT,PRONOUN,INANIMATE,NON.PARTICIPLE,ENCLITIC.PRO,νομίζω
4,66,1,DAT,NA,PERFECT,PRONOUN,ANIMATE,NON.PARTICIPLE,STRESSED.PRO,αἱρέω
4,66,1,DAT,NA,PERFECT,PRONOUN,INANIMATE,NON.PARTICIPLE,STRESSED.PRO,κατεργάζομαι
4,77,1,PP,HYPO,NON.PERFECT,NOUN,INANIMATE,PARTICIPLE,NON.PRONOMINAL,λέγω
4,77,1,PP,HYPO,NON.PERFECT,NOUN,ANIMATE,PARTICIPLE,NON.PRONOMINAL,ἀποπέμπω
4,77,2,PP,HYPO,PERFECT,NOUN,INANIMATE,NON.PARTICIPLE,NON.PRONOMINAL,πλάσσω
4,83,2,DAT,NA,PERFECT,PRONOUN,INANIMATE,NON.PARTICIPLE,ENCLITIC.PRO,παρασκευάζω
4,86,4,DAT,NA,PERFECT,PRONOUN,INANIMATE,NON.PARTICIPLE,ENCLITIC.PRO,μετρέω
4,86,4,DAT,NA,PERFECT,PRONOUN,INANIMATE,NON.PARTICIPLE,ENCLITIC.PRO,μετρέω
4,86,4,DAT,NA,PERFECT,PRONOUN,INANIMATE,NON.PARTICIPLE,ENCLITIC.PRO,μετρέω
4,90,1,PP,HYPO,NON.PERFECT,NOUN,INANIMATE,NON.PARTICIPLE,NON.PRONOMINAL,λέγω
4,96,2,PP,HYPO,NON.PERFECT,NOUN,ANIMATE,NON.PARTICIPLE,NON.PRONOMINAL,χειρόω
4,97,4,PP,HYPO,NON.PERFECT,NOUN,ANIMATE,NON.PARTICIPLE,NON.PRONOMINAL,ἡσσάομαι
4,98,2,DAT,NA,PERFECT,PRONOUN,INANIMATE,NON.PARTICIPLE,ENCLITIC.PRO,μεθίημι
4,101,3,DAT,NA,PERFECT,PRONOUN,INANIMATE,NON.PARTICIPLE,ENCLITIC.PRO,συμβάλλω
4,105,2,PP,HYPO,NON.PERFECT,NOUN,ANIMATE,NON.PARTICIPLE,NON.PRONOMINAL,λέγω
4,105,2,PP,HYPO,NON.PERFECT,NOUN,ANIMATE,NON.PARTICIPLE,NON.PRONOMINAL,λέγω
4,109,1,PP,HYPO,NON.PERFECT,NOUN,ANIMATE,NON.PARTICIPLE,NON.PRONOMINAL,καλέω
4,118,1,DAT,NA,PERFECT,PRONOUN,INANIMATE,NON.PARTICIPLE,ENCLITIC.PRO,καταστρέφω
4,123,2,PP,HYPO,NON.PERFECT,NOUN,INANIMATE,NON.PARTICIPLE,NON.PRONOMINAL,νέμω
4,129,2,DAT,NA,PERFECT,PRONOUN,INANIMATE,NON.PARTICIPLE,ENCLITIC.PRO,δηλόω
4,132,2,DAT,NA,PERFECT,NOUN,INANIMATE,NON.PARTICIPLE,NON.PRONOMINAL,ἀποδείκνυμι
4,136,1,PP,HYPO,PERFECT,NOUN,ANIMATE,NON.PARTICIPLE,NON.PRONOMINAL,προδίδωμι
4,142,1,DAT,NA,PERFECT,NOUN,INANIMATE,NON.PARTICIPLE,NON.PRONOMINAL,ἀπορρίπτω
4,145,2,PP,HYPO,NON.PERFECT,NOUN,ANIMATE,PARTICIPLE,NON.PRONOMINAL,ἐξελαύνω
4,145,2,PP,HYPO,NON.PERFECT,PRONOUN,ANIMATE,PARTICIPLE,STRESSED.PRO,ἐξελαύνω
4,145,4,PP,HYPO,NON.PERFECT,NOUN,ANIMATE,PARTICIPLE,NON.PRONOMINAL,ἐκβάλλω
4,147,3,PP,HYPO,NON.PERFECT,PRONOUN,ANIMATE,NON.PARTICIPLE,STRESSED.PRO,ἄρχω
4,153,1,DAT,NA,PERFECT,PRONOUN,INANIMATE,NON.PARTICIPLE,ENCLITIC.PRO,κτίζω
4,154,2,PP,HYPO,NON.PERFECT,NOUN,ANIMATE,PARTICIPLE,NON.PRONOMINAL,ἀναγιγνώσκω
4,159,4,PP,HYPO,NON.PERFECT,NOUN,ANIMATE,PARTICIPLE,NON.PRONOMINAL,στερίσκω
4,159,4,PP,HYPO,NON.PERFECT,NOUN,ANIMATE,PARTICIPLE,NON.PRONOMINAL,περιυβρίζω
4,165,2,PP,EK,PERFECT,NOUN,INANIMATE,NON.PARTICIPLE,NON.PRONOMINAL,ποιέω
4,166,1,PP,HYPO,PERFECT,NOUN,ANIMATE,NON.PARTICIPLE,NON.PRONOMINAL,καθίστημι
4,166,1,DAT,NA,PERFECT,NOUN,INANIMATE,NON.PARTICIPLE,NON.PRONOMINAL,κατεργάζομαι
4,168,2,PP,HYPO,NON.PERFECT,PRONOUN,ANIMATE,NON.PARTICIPLE,STRESSED.PRO,διαπαρθενεύω
4,176,1,PP,HYPO,NON.PERFECT,NOUN,ANIMATE,PARTICIPLE,NON.PRONOMINAL,φιλέω
4,179,1,DAT,NA,NON.PERFECT,PRONOUN,INANIMATE,NON.PARTICIPLE,ENCLITIC.PRO,ἐξεργάζομαι
4,181,2,DAT,NA,PERFECT,PRONOUN,INANIMATE,NON.PARTICIPLE,ENCLITIC.PRO,λέγω
4,187,3,DAT,NA,PERFECT,PRONOUN,INANIMATE,NON.PARTICIPLE,ENCLITIC.PRO,ἐξευρίσκω
4,191,4,PP,HYPO,NON.PERFECT,NOUN,ANIMATE,NON.PARTICIPLE,NON.PRONOMINAL,λέγω
4,200,1,PP,HYPO,NON.PERFECT,NOUN,ANIMATE,PARTICIPLE,NON.PRONOMINAL,στέλλω
4,202,1,PP,EK,NON.PERFECT,NOUN,ANIMATE,NON.PARTICIPLE,NON.PRONOMINAL,παραδίδωμι
5,1,1,PP,HYPO,NON.PERFECT,NOUN,ANIMATE,PARTICIPLE,NON.PRONOMINAL,καταλείπω
5,1,1,PP,HYPO,NON.PERFECT,NOUN,ANIMATE,PARTICIPLE,NON.PRONOMINAL,περιέπω
5,2,2,PP,EK,PERFECT,NOUN,INANIMATE,NON.PARTICIPLE,NON.PRONOMINAL,ἐντέλλω
5,3,1,PP,HYPO,NON.PERFECT,NOUN,ANIMATE,NON.PARTICIPLE,NON.PRONOMINAL,ἄρχω
5,4,1,DAT,NA,PERFECT,PRONOUN,INANIMATE,NON.PARTICIPLE,ENCLITIC.PRO,λέγω
5,5,1,PP,HYPO,NON.PERFECT,NOUN,ANIMATE,NON.PARTICIPLE,NON.PRONOMINAL,φιλέω
5,5,1,PP,HYPO,NON.PERFECT,NOUN,ANIMATE,PARTICIPLE,NON.PRONOMINAL,ἐγκωμιάζω
5,5,1,PP,HYPO,NON.PERFECT,NOUN,ANIMATE,PARTICIPLE,NON.PRONOMINAL,ἐγκωμιάζω
5,5,1,PP,HYPO,NON.PERFECT,NOUN,ANIMATE,NON.PARTICIPLE,NON.PRONOMINAL,σφάζω
5,12,3,PP,EK,NON.PERFECT,NOUN,INANIMATE,PARTICIPLE,NON.PRONOMINAL,ποιέω
5,16,1,PP,HYPO,NON.PERFECT,NOUN,ANIMATE,NON.PARTICIPLE,NON.PRONOMINAL,χειρόω
5,20,4,PP,PROS,NON.PERFECT,PRONOUN,ANIMATE,PARTICIPLE,STRESSED.PRO,τιμάω
5,23,1,PP,EK,NON.PERFECT,NOUN,INANIMATE,PARTICIPLE,NON.PRONOMINAL,ποιέω
5,26,1,PP,HYPO,NON.PERFECT,NOUN,INANIMATE,PARTICIPLE,NON.PRONOMINAL,οἰκέω
5,32,1,PP,EK,NON.PERFECT,NOUN,INANIMATE,PARTICIPLE,NON.PRONOMINAL,λέγω
5,34,3,DAT,NA,PERFECT,PRONOUN,INANIMATE,NON.PARTICIPLE,ENCLITIC.PRO,καταδαπανάω
5,34,3,DAT,NA,PERFECT,NOUN,INANIMATE,NON.PARTICIPLE,NON.PRONOMINAL,προσαναισιμόομαι
5,35,3,DAT,NA,PERFECT,PRONOUN,INANIMATE,NON.PARTICIPLE,ENCLITIC.PRO,λέγω
5,36,4,DAT,NA,PERFECT,PRONOUN,INANIMATE,NON.PARTICIPLE,ENCLITIC.PRO,δηλόω
5,38,2,DAT,NA,NON.PERFECT,PRONOUN,INANIMATE,NON.PARTICIPLE,ENCLITIC.PRO,ἐξευρίσκω
5,42,2,PP,HYPO,NON.PERFECT,NOUN,ANIMATE,NON.PARTICIPLE,NON.PRONOMINAL,βασιλεύω
5,42,3,PP,HYPO,NON.PERFECT,NOUN,ANIMATE,PARTICIPLE,NON.PRONOMINAL,ἐξελαύνω
5,42,3,PP,HYPO,NON.PERFECT,NOUN,ANIMATE,PARTICIPLE,NON.PRONOMINAL,ἐξελαύνω
5,42,3,PP,HYPO,NON.PERFECT,NOUN,ANIMATE,PARTICIPLE,NON.PRONOMINAL,ἐξελαύνω
5,46,1,PP,HYPO,NON.PERFECT,NOUN,ANIMATE,PARTICIPLE,NON.PRONOMINAL,ἡσσάομαι
5,46,1,PP,HYPO,NON.PERFECT,NOUN,ANIMATE,PARTICIPLE,NON.PRONOMINAL,ἡσσάομαι
5,48,1,PP,HYPO,NON.PERFECT,NOUN,ANIMATE,PARTICIPLE,NON.PRONOMINAL,βασιλεύω
5,49,8,DAT,NA,NON.PERFECT,PRONOUN,INANIMATE,NON.PARTICIPLE,STRESSED.PRO,ἔχω
5,54,1,DAT,NA,PERFECT,NOUN,INANIMATE,NON.PARTICIPLE,NON.PRONOMINAL,λέγω
5,61,2,PP,HYPO,NON.PERFECT,NOUN,ANIMATE,NON.PARTICIPLE,NON.PRONOMINAL,ἐξανίστημι
5,62,1,DAT,NA,PERFECT,PRONOUN,INANIMATE,NON.PARTICIPLE,ENCLITIC.PRO,ἀφηγέομαι
5,63,3,DAT,NA,PERFECT,PRONOUN,INANIMATE,NON.PARTICIPLE,ENCLITIC.PRO,ποιέω
5,68,1,DAT,NA,PERFECT,PRONOUN,INANIMATE,NON.PARTICIPLE,ENCLITIC.PRO,ποιέω
5,73,1,PP,HYPO,NON.PERFECT,NOUN,ANIMATE,PARTICIPLE,NON.PRONOMINAL,διώκω
5,73,1,DAT,NA,PERFECT,PRONOUN,ANIMATE,NON.PARTICIPLE,STRESSED.PRO,ἐκπολεμόω
5,73,1,DAT,NA,PERFECT,PRONOUN,ANIMATE,NON.PARTICIPLE,STRESSED.PRO,ἐκπολεμόω
5,74,1,PP,HYPO,PERFECT,NOUN,ANIMATE,NON.PARTICIPLE,NON.PRONOMINAL,περιυβρίζω
5,77,3,PP,HYPO,PERFECT,NOUN,INANIMATE,PARTICIPLE,NON.PRONOMINAL,περιφλεύω
5,81,1,PP,HYPO,NON.PERFECT,NOUN,ANIMATE,PARTICIPLE,NON.PRONOMINAL,περιέπω
5,82,1,PP,EK,NON.PERFECT,NOUN,INANIMATE,PARTICIPLE,NON.PRONOMINAL,προοφείλω
5,85,1,PP,APO,NON.PERFECT,NOUN,ANIMATE,PARTICIPLE,NON.PRONOMINAL,πέμπω
5,87,1,PP,HYPO,NON.PERFECT,NOUN,INANIMATE,NON.PARTICIPLE,NON.PRONOMINAL,λέγω
5,87,1,PP,HYPO,NON.PERFECT,NOUN,INANIMATE,NON.PARTICIPLE,NON.PRONOMINAL,λέγω
5,87,1,PP,HYPO,NON.PERFECT,NOUN,INANIMATE,NON.PARTICIPLE,NON.PRONOMINAL,ὁμολογέω
5,91,2,DAT,NA,NON.PERFECT,PRONOUN,ANIMATE,PARTICIPLE,ENCLITIC.PRO,καλέω
5,91,2,PP,DIA,NON.PERFECT,PRONOUN,ANIMATE,PARTICIPLE,STRESSED.PRO,ἐλευθερόω
5,92C,2,DAT,NA,PERFECT,PRONOUN,INANIMATE,NON.PARTICIPLE,STRESSED.PRO,βουλεύω
5,93,1,PP,HYPO,NON.PERFECT,NOUN,ANIMATE,NON.PARTICIPLE,NON.PRONOMINAL,ἀνιάω
5,96,2,DAT,NA,PERFECT,PRONOUN,INANIMATE,NON.PARTICIPLE,ENCLITIC.PRO,δοκέω
5,97,1,PP,HYPO,NON.PERFECT,NOUN,ANIMATE,PARTICIPLE,NON.PRONOMINAL,ἐξελαύνω
5,102,3,PP,HYPO,NON.PERFECT,NOUN,ANIMATE,PARTICIPLE,NON.PRONOMINAL,αἰνέω
5,105,1,PP,HYPO,PERFECT,NOUN,INANIMATE,NON.PARTICIPLE,NON.PRONOMINAL,ἐμπίμπρημι
5,105,1,PP,HYPO,PERFECT,NOUN,INANIMATE,NON.PARTICIPLE,NON.PRONOMINAL,ἐμπίμπρημι
5,108,1,PP,HYPO,PERFECT,NOUN,ANIMATE,PARTICIPLE,NON.PRONOMINAL,μεθίημι
5,126,2,PP,HYPO,NON.PERFECT,NOUN,ANIMATE,NON.PARTICIPLE,NON.PRONOMINAL,ἀπόλλυμι
5,126,2,PP,HYPO,NON.PERFECT,NOUN,ANIMATE,NON.PARTICIPLE,NON.PRONOMINAL,ἀπόλλυμι
6,1,1,PP,HYPO,PERFECT,NOUN,ANIMATE,PARTICIPLE,NON.PRONOMINAL,μεθίημι
6,2,2,PP,HYPO,NON.PERFECT,NOUN,ANIMATE,NON.PARTICIPLE,NON.PRONOMINAL,δέω
6,2,2,PP,PROS,NON.PERFECT,PRONOUN,ANIMATE,PARTICIPLE,STRESSED.PRO,καταγιγνώσκω
6,3,1,PP,HYPO,NON.PERFECT,NOUN,ANIMATE,PARTICIPLE,NON.PRONOMINAL,ἐρωτάω
6,4,2,PP,PARA,NON.PERFECT,NOUN,INANIMATE,PARTICIPLE,NON.PRONOMINAL,ἀντιπέμπω
6,5,2,PP,HYPO,NON.PERFECT,PRONOUN,ANIMATE,NON.PARTICIPLE,ENCLITIC.PRO,τιτρώσκω
6,9,2,PP,HYPO,NON.PERFECT,NOUN,ANIMATE,PARTICIPLE,NON.PRONOMINAL,καταλύω
6,13,2,PP,HYPO,PERFECT,NOUN,ANIMATE,NON.PARTICIPLE,NON.PRONOMINAL,ἀποστερέω
6,19,3,PP,HYPO,NON.PERFECT,NOUN,ANIMATE,NON.PARTICIPLE,NON.PRONOMINAL,κτείνω
6,22,1,PP,EK,NON.PERFECT,NOUN,INANIMATE,PARTICIPLE,NON.PRONOMINAL,ποιέω
6,23,5,PP,HYPO,PERFECT,NOUN,INANIMATE,NON.PARTICIPLE,NON.PRONOMINAL,λέγω
6,29,2,PP,HYPO,NON.PERFECT,NOUN,ANIMATE,NON.PARTICIPLE,NON.PRONOMINAL,καταλαμβάνω
6,29,2,PP,HYPO,NON.PERFECT,PRONOUN,ANIMATE,PARTICIPLE,STRESSED.PRO,καθαιρέω
6,34,1,PP,HYPO,NON.PERFECT,NOUN,ANIMATE,PARTICIPLE,NON.PRONOMINAL,πιέζω
6,35,2,PP,HYPO,NON.PERFECT,PRONOUN,ANIMATE,PARTICIPLE,STRESSED.PRO,ξενίζω
6,38,2,PP,PROS,NON.PERFECT,NOUN,ANIMATE,PARTICIPLE,NON.PRONOMINAL,πλήσσω
6,39,2,PP,HYPO,NON.PERFECT,PRONOUN,ANIMATE,NON.PARTICIPLE,STRESSED.PRO,δέω
6,40,1,PP,HYPO,NON.PERFECT,NOUN,ANIMATE,PARTICIPLE,NON.PRONOMINAL,ἐρεθίζω
6,42,2,PP,EK,NON.PERFECT,NOUN,INANIMATE,NON.PARTICIPLE,NON.PRONOMINAL,τάσσω
6,43,1,PP,EK,PERFECT,NOUN,ANIMATE,PARTICIPLE,NON.PRONOMINAL,καταλύω
6,44,3,PP,HYPO,NON.PERFECT,NOUN,ANIMATE,NON.PARTICIPLE,NON.PRONOMINAL,διαφθείρω
6,46,1,PP,HYPO,NON.PERFECT,NOUN,ANIMATE,PARTICIPLE,NON.PRONOMINAL,διαβάλλω
6,46,2,PP,HYPO,NON.PERFECT,NOUN,ANIMATE,PARTICIPLE,NON.PRONOMINAL,πολιορκέω
6,50,2,PP,HYPO,NON.PERFECT,NOUN,ANIMATE,PARTICIPLE,NON.PRONOMINAL,ἀναγιγνώσκω
6,52,7,PP,PROS,NON.PERFECT,NOUN,ANIMATE,PARTICIPLE,NON.PRONOMINAL,τιμάω
6,53,1,PP,HYPO,NON.PERFECT,NOUN,INANIMATE,PARTICIPLE,NON.PRONOMINAL,λέγω
6,53,1,PP,HYPO,NON.PERFECT,NOUN,ANIMATE,PARTICIPLE,NON.PRONOMINAL,καταλέγω
6,53,1,PP,HYPO,NON.PERFECT,NOUN,ANIMATE,PARTICIPLE,NON.PRONOMINAL,ἀποδείκνυμι
6,53,2,DAT,NA,PERFECT,PRONOUN,INANIMATE,NON.PARTICIPLE,ENCLITIC.PRO,λέγω
6,55,1,DAT,NA,PERFECT,PRONOUN,INANIMATE,NON.PARTICIPLE,STRESSED.PRO,λέγω
6,57,3,DAT,NA,NON.PERFECT,PRONOUN,INANIMATE,NON.PARTICIPLE,ENCLITIC.PRO,ἀποπέμπω
6,57,3,PP,PROS,NON.PERFECT,NOUN,ANIMATE,PARTICIPLE,NON.PRONOMINAL,καλέω
6,58,1,PP,EK,PERFECT,NOUN,INANIMATE,NON.PARTICIPLE,NON.PRONOMINAL,δίδωμι
6,58,3,DAT,NA,NON.PERFECT,PRONOUN,INANIMATE,NON.PARTICIPLE,ENCLITIC.PRO,ἵστημι
6,61,4,PP,EK,PERFECT,NOUN,INANIMATE,NON.PARTICIPLE,NON.PRONOMINAL,ἀπαγορεύω
6,73,1,DAT,NA,NON.PERFECT,NOUN,INANIMATE,NON.PARTICIPLE,NON.PRONOMINAL,ὁδόω
6,74,2,PP,HYPO,NON.PERFECT,NOUN,INANIMATE,NON.PARTICIPLE,NON.PRONOMINAL,λέγω
6,76,1,PP,HYPO,NON.PERFECT,NOUN,INANIMATE,NON.PARTICIPLE,NON.PRONOMINAL,καλέω
6,79,1,DAT,NA,PERFECT,NOUN,INANIMATE,PARTICIPLE,NON.PRONOMINAL,τάσσω
6,82,2,DAT,NA,PERFECT,PRONOUN,INANIMATE,NON.PARTICIPLE,ENCLITIC.PRO,ποιέω
6,85,1,PP,HYPO,PERFECT,NOUN,ANIMATE,NON.PARTICIPLE,NON.PRONOMINAL,περιυβρίζω
6,92,1,PP,HYPO,NON.PERFECT,NOUN,INANIMATE,PARTICIPLE,NON.PRONOMINAL,λαμβάνω
6,92,2,PP,HYPO,NON.PERFECT,NOUN,INANIMATE,NON.PARTICIPLE,NON.PRONOMINAL,ἐπιβάλλω
6,94,1,DAT,NA,PERFECT,NOUN,INANIMATE,NON.PARTICIPLE,NON.PRONOMINAL,συνάπτω
6,97,2,PP,EK,PERFECT,NOUN,INANIMATE,NON.PARTICIPLE,NON.PRONOMINAL,ἐπιστέλλω
6,104,2,PP,HYPO,NON.PERFECT,NOUN,ANIMATE,PARTICIPLE,NON.PRONOMINAL,αἱρέω
6,106,1,PP,HYPO,NON.PERFECT,NOUN,ANIMATE,PARTICIPLE,NON.PRONOMINAL,πέμπω
6,108,2,PP,HYPO,NON.PERFECT,NOUN,ANIMATE,PARTICIPLE,NON.PRONOMINAL,πιέζω
6,112,1,DAT,NA,PERFECT,PRONOUN,INANIMATE,NON.PARTICIPLE,ENCLITIC.PRO,διατάσσω
6,121,2,PP,HYPO,NON.PERFECT,NOUN,INANIMATE,PARTICIPLE,NON.PRONOMINAL,κηρύσσω
6,123,2,DAT,NA,PERFECT,PRONOUN,INANIMATE,NON.PARTICIPLE,ENCLITIC.PRO,δηλόω
6,124,2,PP,EK,NON.PERFECT,PRONOUN,INANIMATE,NON.PARTICIPLE,STRESSED.PRO,ἀναδείκνυμι
6,130,2,DAT,NA,PERFECT,NOUN,INANIMATE,NON.PARTICIPLE,NON.PRONOMINAL,κυρόω
6,137,1,PP,HYPO,NON.PERFECT,NOUN,ANIMATE,NON.PARTICIPLE,NON.PRONOMINAL,ἐκβάλλω
6,138,2,PP,HYPO,NON.PERFECT,NOUN,ANIMATE,NON.PARTICIPLE,NON.PRONOMINAL,τύπτω
7,1,3,PP,HYPO,NON.PERFECT,NOUN,ANIMATE,PARTICIPLE,NON.PRONOMINAL,δουλόω
7,6,3,PP,HYPO,NON.PERFECT,NOUN,ANIMATE,NON.PARTICIPLE,NON.PRONOMINAL,ἐξελαύνω
7,6,4,PP,HYPO,NON.PERFECT,NOUN,INANIMATE,NON.PARTICIPLE,NON.PRONOMINAL,ζεύγνυμι
7,9A,2,PP,HYPO,NON.PERFECT,NOUN,ANIMATE,PARTICIPLE,NON.PRONOMINAL,κελεύω
7,10D,2,DAT,NA,PERFECT,PRONOUN,INANIMATE,NON.PARTICIPLE,ENCLITIC.PRO,βουλεύω
7,10E,1,PP,HYPO,NON.PERFECT,NOUN,ANIMATE,NON.PARTICIPLE,NON.PRONOMINAL,διαφθείρω
7,10G,2,PP,HYPO,NON.PERFECT,PRONOUN,ANIMATE,PARTICIPLE,STRESSED.PRO,διαβάλλω
7,10G,2,PP,PROS,NON.PERFECT,PRONOUN,ANIMATE,PARTICIPLE,STRESSED.PRO,νομίζω
7,10H,3,PP,HYPO,NON.PERFECT,NOUN,ANIMATE,PARTICIPLE,NON.PRONOMINAL,διαφορέω
7,10H,3,PP,HYPO,NON.PERFECT,NOUN,ANIMATE,PARTICIPLE,NON.PRONOMINAL,διαφορέω
7,11,2,PP,EK,PERFECT,PRONOUN,INANIMATE,PARTICIPLE,STRESSED.PRO,ὑπάρχω
7,12,1,DAT,NA,PERFECT,PRONOUN,INANIMATE,PARTICIPLE,ENCLITIC.PRO,δοκέω
7,12,1,PP,HYPO,NON.PERFECT,NOUN,INANIMATE,NON.PARTICIPLE,NON.PRONOMINAL,λέγω
7,16A,1,PP,PARA,PERFECT,PRONOUN,INANIMATE,NON.PARTICIPLE,STRESSED.PRO,κρίνω
7,16C,3,DAT,NA,PERFECT,PRONOUN,INANIMATE,NON.PARTICIPLE,ENCLITIC.PRO,δοκέω
7,16C,3,PP,EK,NON.PERFECT,PRONOUN,INANIMATE,PARTICIPLE,STRESSED.PRO,ἐπιτελέω
7,18,3,PP,EK,NON.PERFECT,NOUN,INANIMATE,PARTICIPLE,NON.PRONOMINAL,πέμπω
7,18,3,PP,EK,PERFECT,PRONOUN,INANIMATE,PARTICIPLE,STRESSED.PRO,προερέω
7,22,2,PP,HYPO,PERFECT,NOUN,INANIMATE,PARTICIPLE,NON.PRONOMINAL,οἰκέω
7,26,3,PP,HYPO,NON.PERFECT,NOUN,ANIMATE,PARTICIPLE,NON.PRONOMINAL,ἐκδέρω
7,26,3,PP,HYPO,NON.PERFECT,NOUN,ANIMATE,NON.PARTICIPLE,NON.PRONOMINAL,ἀνακρεμάννυμι
7,29,2,PP,HYPO,PERFECT,PRONOUN,INANIMATE,NON.PARTICIPLE,STRESSED.PRO,πληρόω
7,30,2,PP,HYPO,NON.PERFECT,NOUN,INANIMATE,PARTICIPLE,NON.PRONOMINAL,ἵστημι
7,53,1,DAT,NA,PERFECT,NOUN,INANIMATE,PARTICIPLE,NON.PRONOMINAL,ἐργάζομαι
7,55,1,DAT,NA,PERFECT,PRONOUN,INANIMATE,NON.PARTICIPLE,ENCLITIC.PRO,ποιέω
7,58,2,DAT,NA,PERFECT,PRONOUN,INANIMATE,NON.PARTICIPLE,STRESSED.PRO,προερέω
7,60,1,PP,PROS,NON.PERFECT,NOUN,INANIMATE,NON.PARTICIPLE,NON.PRONOMINAL,λέγω
7,61,2,PP,HYPO,NON.PERFECT,NOUN,ANIMATE,NON.PARTICIPLE,NON.PRONOMINAL,καλέω
7,62,1,PP,PROS,NON.PERFECT,NOUN,ANIMATE,NON.PARTICIPLE,NON.PRONOMINAL,καλέω
7,63,1,PP,HYPO,NON.PERFECT,NOUN,ANIMATE,NON.PARTICIPLE,NON.PRONOMINAL,καλέω
7,63,1,PP,HYPO,NON.PERFECT,NOUN,ANIMATE,NON.PARTICIPLE,NON.PRONOMINAL,καλέω
7,72,1,PP,HYPO,NON.PERFECT,NOUN,ANIMATE,NON.PARTICIPLE,NON.PRONOMINAL,καλέω
7,95,2,PP,EK,PERFECT,NOUN,INANIMATE,NON.PARTICIPLE,NON.PRONOMINAL,προστάσσω
7,96,2,DAT,NA,PERFECT,PRONOUN,ANIMATE,NON.PARTICIPLE,ENCLITIC.PRO,λέγω
7,100,2,DAT,NA,PERFECT,PRONOUN,INANIMATE,NON.PARTICIPLE,ENCLITIC.PRO,ποιέω
7,103,2,PP,PARA,NON.PERFECT,PRONOUN,INANIMATE,PARTICIPLE,STRESSED.PRO,λέγω
7,103,3,PP,HYPO,NON.PERFECT,NOUN,ANIMATE,PARTICIPLE,NON.PRONOMINAL,ἄρχω
7,103,4,PP,HYPO,NON.PERFECT,NOUN,ANIMATE,PARTICIPLE,NON.PRONOMINAL,ἄρχω
7,105,1,PP,HYPO,NON.PERFECT,NOUN,ANIMATE,PARTICIPLE,NON.PRONOMINAL,ἵστημι
7,106,2,PP,HYPO,NON.PERFECT,NOUN,ANIMATE,NON.PARTICIPLE,NON.PRONOMINAL,ἐξαιρέω
7,106,2,PP,PARA,NON.PERFECT,NOUN,INANIMATE,NON.PARTICIPLE,NON.PRONOMINAL,πέμπω
7,107,1,PP,HYPO,NON.PERFECT,NOUN,ANIMATE,PARTICIPLE,NON.PRONOMINAL,ἐξαιρέω
7,107,1,PP,HYPO,NON.PERFECT,NOUN,ANIMATE,NON.PARTICIPLE,NON.PRONOMINAL,πολιορκέω
7,107,1,PP,HYPO,NON.PERFECT,NOUN,ANIMATE,NON.PARTICIPLE,NON.PRONOMINAL,πολιορκέω
7,107,2,PP,HYPO,NON.PERFECT,NOUN,ANIMATE,NON.PARTICIPLE,NON.PRONOMINAL,αἰνέω
7,108,1,DAT,NA,PERFECT,PRONOUN,INANIMATE,NON.PARTICIPLE,ENCLITIC.PRO,δηλόω
7,110,1,PP,HYPO,NON.PERFECT,PRONOUN,ANIMATE,PARTICIPLE,STRESSED.PRO,καταλέγω
7,118,1,DAT,NA,PERFECT,NOUN,ANIMATE,PARTICIPLE,NON.PRONOMINAL,αἱρέω
7,122,1,PP,HYPO,NON.PERFECT,NOUN,ANIMATE,NON.PARTICIPLE,NON.PRONOMINAL,ἀφίημι
7,136,1,PP,HYPO,NON.PERFECT,PRONOUN,ANIMATE,PARTICIPLE,STRESSED.PRO,ὠθέω
7,137,3,PP,HYPO,NON.PERFECT,NOUN,ANIMATE,PARTICIPLE,NON.PRONOMINAL,πέμπω
7,137,3,PP,HYPO,NON.PERFECT,NOUN,ANIMATE,PARTICIPLE,NON.PRONOMINAL,προδίδωμι
7,137,3,PP,HYPO,NON.PERFECT,NOUN,ANIMATE,PARTICIPLE,NON.PRONOMINAL,προδίδωμι
7,137,3,PP,HYPO,NON.PERFECT,NOUN,ANIMATE,NON.PARTICIPLE,NON.PRONOMINAL,ἀποθνῄσκω
7,139,3,DAT,NA,PERFECT,NOUN,INANIMATE,NON.PARTICIPLE,NON.PRONOMINAL,ἐλαύνω
7,139,3,PP,HYPO,NON.PERFECT,NOUN,ANIMATE,PARTICIPLE,NON.PRONOMINAL,προδίδωμι
7,139,3,PP,HYPO,NON.PERFECT,NOUN,ANIMATE,PARTICIPLE,NON.PRONOMINAL,αἱρέω
7,142,2,PP,HYPO,NON.PERFECT,NOUN,INANIMATE,PARTICIPLE,NON.PRONOMINAL,λέγω
7,143,2,DAT,NA,PERFECT,NOUN,INANIMATE,NON.PARTICIPLE,NON.PRONOMINAL,λέγω
7,146,1,PP,HYPO,NON.PERFECT,NOUN,ANIMATE,PARTICIPLE,NON.PRONOMINAL,βασανίζω
7,148,2,PP,EK,NON.PERFECT,NOUN,INANIMATE,PARTICIPLE,NON.PRONOMINAL,ἐγείρω
7,149,2,PP,EK,NON.PERFECT,NOUN,INANIMATE,PARTICIPLE,NON.PRONOMINAL,λέγω
7,149,3,PP,HYPO,NON.PERFECT,NOUN,ANIMATE,NON.PARTICIPLE,NON.PRONOMINAL,ἄρχω
7,151,1,PP,PROS,NON.PERFECT,PRONOUN,ANIMATE,NON.PARTICIPLE,STRESSED.PRO,νομίζω
7,152,3,DAT,NA,PERFECT,NOUN,INANIMATE,NON.PARTICIPLE,NON.PRONOMINAL,ποιέω
7,153,1,PP,HYPO,NON.PERFECT,NOUN,INANIMATE,PARTICIPLE,NON.PRONOMINAL,κτίζω
7,153,1,PP,HYPO,NON.PERFECT,NOUN,INANIMATE,PARTICIPLE,NON.PRONOMINAL,κτίζω
7,153,4,PP,PROS,NON.PERFECT,NOUN,ANIMATE,NON.PARTICIPLE,NON.PRONOMINAL,λέγω
7,158,2,DAT,NA,PERFECT,PRONOUN,INANIMATE,NON.PARTICIPLE,ENCLITIC.PRO,συνάπτω
7,158,2,PP,NA,NON.PERFECT,NOUN,INANIMATE,NON.PARTICIPLE,NON.PRONOMINAL,νέμω
7,159,1,PP,HYPO,PERFECT,NOUN,ANIMATE,NON.PARTICIPLE,NON.PRONOMINAL,ἀφαιρέω
7,159,1,PP,HYPO,PERFECT,NOUN,ANIMATE,NON.PARTICIPLE,NON.PRONOMINAL,ἀφαιρέω
7,159,1,PP,HYPO,NON.PERFECT,NOUN,ANIMATE,PARTICIPLE,NON.PRONOMINAL,ἄρχω
7,163,1,PP,HYPO,NON.PERFECT,NOUN,ANIMATE,NON.PARTICIPLE,NON.PRONOMINAL,ἄρχω
7,165,1,PP,HYPO,NON.PERFECT,NOUN,INANIMATE,NON.PARTICIPLE,NON.PRONOMINAL,λέγω
7,165,1,PP,HYPO,NON.PERFECT,NOUN,ANIMATE,NON.PARTICIPLE,NON.PRONOMINAL,ἄρχω
7,165,1,PP,HYPO,NON.PERFECT,NOUN,ANIMATE,PARTICIPLE,NON.PRONOMINAL,ἐξελαύνω
7,167,1,PP,HYPO,NON.PERFECT,NOUN,INANIMATE,NON.PARTICIPLE,NON.PRONOMINAL,λέγω
7,168,4,DAT,NA,PERFECT,PRONOUN,INANIMATE,NON.PARTICIPLE,ENCLITIC.PRO,ποιέω
7,169,2,PP,HYPO,NON.PERFECT,NOUN,ANIMATE,PARTICIPLE,NON.PRONOMINAL,ἁρπάζω
7,170,3,PP,HYPO,NON.PERFECT,NOUN,ANIMATE,PARTICIPLE,NON.PRONOMINAL,ἀναγκάζω
7,173,3,PP,HYPO,NON.PERFECT,NOUN,ANIMATE,NON.PARTICIPLE,NON.PRONOMINAL,καταπατέω
7,175,1,PP,EK,NON.PERFECT,NOUN,INANIMATE,PARTICIPLE,NON.PRONOMINAL,λέγω
7,191,2,PP,HYPO,NON.PERFECT,NOUN,ANIMATE,NON.PARTICIPLE,NON.PRONOMINAL,ἁρπάζω
7,193,2,PP,HYPO,NON.PERFECT,NOUN,ANIMATE,NON.PARTICIPLE,NON.PRONOMINAL,καταλείπω
7,193,2,PP,HYPO,NON.PERFECT,NOUN,ANIMATE,NON.PARTICIPLE,NON.PRONOMINAL,καταλείπω
7,194,2,DAT,NA,PERFECT,PRONOUN,INANIMATE,PARTICIPLE,ENCLITIC.PRO,ποιέω
7,201,1,PP,HYPO,NON.PERFECT,NOUN,INANIMATE,NON.PARTICIPLE,NON.PRONOMINAL,καλέω
7,203,1,PP,HYPO,NON.PERFECT,NOUN,INANIMATE,NON.PARTICIPLE,NON.PRONOMINAL,φρουρέω
7,203,1,PP,HYPO,NON.PERFECT,NOUN,INANIMATE,NON.PARTICIPLE,NON.PRONOMINAL,φρουρέω
7,203,1,PP,HYPO,NON.PERFECT,NOUN,INANIMATE,NON.PARTICIPLE,NON.PRONOMINAL,φρουρέω
7,209,2,PP,PROS,NON.PERFECT,NOUN,INANIMATE,PARTICIPLE,NON.PRONOMINAL,ποιέω
7,213,3,PP,HYPO,NON.PERFECT,NOUN,ANIMATE,NON.PARTICIPLE,NON.PRONOMINAL,τιμάω
7,217,2,DAT,NA,PERFECT,PRONOUN,INANIMATE,NON.PARTICIPLE,ENCLITIC.PRO,λέγω
7,217,2,PP,HYPO,NON.PERFECT,PRONOUN,INANIMATE,NON.PARTICIPLE,STRESSED.PRO,φυλάσσω
7,220,2,DAT,NA,NON.PERFECT,NOUN,INANIMATE,NON.PARTICIPLE,NON.PRONOMINAL,λείπω
7,220,3,PP,HYPO,PERFECT,NOUN,INANIMATE,NON.PARTICIPLE,NON.PRONOMINAL,χράομαι
7,220,4,PP,HYPO,NON.PERFECT,NOUN,INANIMATE,NON.PARTICIPLE,NON.PRONOMINAL,πέρθω
7,223,1,PP,EK,PERFECT,NOUN,INANIMATE,NON.PARTICIPLE,NON.PRONOMINAL,ἐπιστέλλω
7,223,3,PP,HYPO,NON.PERFECT,PRONOUN,ANIMATE,NON.PARTICIPLE,STRESSED.PRO,καταπατέω
7,228,1,PP,HYPO,NON.PERFECT,NOUN,ANIMATE,PARTICIPLE,NON.PRONOMINAL,ἀποπέμπω
7,229,1,PP,HYPO,PERFECT,NOUN,ANIMATE,NON.PARTICIPLE,NON.PRONOMINAL,μεθίημι
7,235,3,PP,HYPO,NON.PERFECT,NOUN,INANIMATE,PARTICIPLE,NON.PRONOMINAL,αἱρέω
7,237,1,PP,HYPO,NON.PERFECT,PRONOUN,ANIMATE,NON.PARTICIPLE,STRESSED.PRO,ἡσσάομαι
7,237,2,PP,EK,NON.PERFECT,PRONOUN,INANIMATE,PARTICIPLE,STRESSED.PRO,λέγω
8,2,1,DAT,NA,PERFECT,PRONOUN,INANIMATE,NON.PARTICIPLE,ENCLITIC.PRO,λέγω
8,5,1,DAT,NA,PERFECT,PRONOUN,ANIMATE,NON.PARTICIPLE,ENCLITIC.PRO,ἀναπείθω
8,7,1,PP,HYPO,NON.PERFECT,NOUN,INANIMATE,NON.PARTICIPLE,NON.PRONOMINAL,ὁράω
8,7,2,PP,PARA,NON.PERFECT,NOUN,INANIMATE,NON.PARTICIPLE,NON.PRONOMINAL,φαίνω
8,8,3,DAT,NA,PERFECT,PRONOUN,INANIMATE,NON.PARTICIPLE,ENCLITIC.PRO,ἀποδείκνυμι
8,13,1,PP,HYPO,NON.PERFECT,NOUN,INANIMATE,NON.PARTICIPLE,NON.PRONOMINAL,ποιέω
8,24,1,PP,HYPO,NON.PERFECT,NOUN,INANIMATE,NON.PARTICIPLE,NON.PRONOMINAL,ὁράω
8,26,3,DAT,NA,PERFECT,PRONOUN,INANIMATE,NON.PARTICIPLE,STRESSED.PRO,λέγω
8,27,2,PP,HYPO,NON.PERFECT,NOUN,ANIMATE,NON.PARTICIPLE,NON.PRONOMINAL,ἡσσάομαι
8,27,2,PP,HYPO,NON.PERFECT,NOUN,ANIMATE,NON.PARTICIPLE,NON.PRONOMINAL,περιέπω
8,34,1,PP,HYPO,NON.PERFECT,NOUN,ANIMATE,PARTICIPLE,NON.PRONOMINAL,ἀποπέμπω
8,41,3,DAT,NA,NON.PERFECT,PRONOUN,INANIMATE,NON.PARTICIPLE,ENCLITIC.PRO,ὑπέκκειμαι
8,43,1,PP,HYPO,NON.PERFECT,NOUN,ANIMATE,PARTICIPLE,NON.PRONOMINAL,ἐξανίστημι
8,43,1,PP,HYPO,NON.PERFECT,NOUN,ANIMATE,PARTICIPLE,NON.PRONOMINAL,ἐξανίστημι
8,46,3,PP,HYPO,NON.PERFECT,NOUN,ANIMATE,PARTICIPLE,NON.PRONOMINAL,ἀποπέμπω
8,53,2,DAT,NA,PERFECT,PRONOUN,ANIMATE,NON.PARTICIPLE,ENCLITIC.PRO,καταστορέννυμι
8,55,1,PP,HYPO,NON.PERFECT,NOUN,INANIMATE,NON.PARTICIPLE,NON.PRONOMINAL,ἐμπίμπρημι
8,55,1,PP,HYPO,NON.PERFECT,NOUN,ANIMATE,PARTICIPLE,NON.PRONOMINAL,κελεύω
8,56,1,DAT,NA,NON.PERFECT,NOUN,INANIMATE,NON.PARTICIPLE,NON.PRONOMINAL,κυρόω
8,57,1,DAT,NA,PERFECT,PRONOUN,INANIMATE,NON.PARTICIPLE,ENCLITIC.PRO,βουλεύω
8,60B,1,DAT,NA,NON.PERFECT,PRONOUN,ANIMATE,NON.PARTICIPLE,STRESSED.PRO,ὑπέκκειμαι
8,60B,1,DAT,NA,NON.PERFECT,PRONOUN,ANIMATE,NON.PARTICIPLE,STRESSED.PRO,ὑπέκκειμαι
8,62,2,PP,HYPO,NON.PERFECT,PRONOUN,INANIMATE,NON.PARTICIPLE,STRESSED.PRO,κτίζω
8,65,1,PP,HYPO,NON.PERFECT,NOUN,INANIMATE,NON.PARTICIPLE,NON.PRONOMINAL,κείρω
8,73,3,PP,HYPO,NON.PERFECT,NOUN,ANIMATE,PARTICIPLE,NON.PRONOMINAL,ἄρχω
8,75,1,PP,HYPO,NON.PERFECT,NOUN,ANIMATE,NON.PARTICIPLE,NON.PRONOMINAL,ἡσσάομαι
8,79,1,PP,HYPO,PERFECT,NOUN,ANIMATE,PARTICIPLE,NON.PRONOMINAL,ἐξοστρακίζω
8,80,1,PP,HYPO,NON.PERFECT,NOUN,INANIMATE,PARTICIPLE,NON.PRONOMINAL,ποιέω
8,82,2,DAT,NA,NON.PERFECT,NOUN,INANIMATE,NON.PARTICIPLE,NON.PRONOMINAL,ἐκπληρόω
8,86,1,PP,HYPO,NON.PERFECT,NOUN,INANIMATE,PARTICIPLE,NON.PRONOMINAL,διαφθείρω
8,96,2,DAT,NA,PERFECT,NOUN,INANIMATE,PARTICIPLE,NON.PRONOMINAL,λέγω
8,96,2,DAT,NA,PERFECT,NOUN,INANIMATE,PARTICIPLE,NON.PRONOMINAL,λέγω
8,96,2,DAT,NA,PERFECT,NOUN,INANIMATE,PARTICIPLE,NON.PRONOMINAL,λέγω
8,98,1,DAT,NA,PERFECT,NOUN,INANIMATE,NON.PARTICIPLE,NON.PRONOMINAL,ἐξευρίσκω
8,100,3,DAT,NA,PERFECT,PRONOUN,INANIMATE,NON.PARTICIPLE,ENCLITIC.PRO,βουλεύω
8,100,4,PP,EN,PERFECT,NOUN,INANIMATE,NON.PARTICIPLE,NON.PRONOMINAL,δηλέομαι
8,100,5,DAT,NA,PERFECT,PRONOUN,INANIMATE,NON.PARTICIPLE,ENCLITIC.PRO,δοκέω
8,105,1,PP,HYPO,NON.PERFECT,NOUN,ANIMATE,PARTICIPLE,NON.PRONOMINAL,αἱρέω
8,105,1,PP,HYPO,NON.PERFECT,NOUN,ANIMATE,PARTICIPLE,NON.PRONOMINAL,πωλέω
8,105,2,PP,PARA,NON.PERFECT,NOUN,ANIMATE,NON.PARTICIPLE,NON.PRONOMINAL,τιμάω
8,107,1,DAT,NA,NON.PERFECT,NOUN,INANIMATE,NON.PARTICIPLE,NON.PRONOMINAL,πορεύω
8,110,2,DAT,NA,PERFECT,PRONOUN,ANIMATE,NON.PARTICIPLE,ENCLITIC.PRO,ἀναγιγνώσκω
8,111,2,PP,PROS,NON.PERFECT,NOUN,ANIMATE,PARTICIPLE,NON.PRONOMINAL,αἰτέω
8,113,3,DAT,NA,PERFECT,PRONOUN,INANIMATE,PARTICIPLE,ENCLITIC.PRO,ποιέω
8,114,1,PP,EKS,NON.PERFECT,PRONOUN,INANIMATE,PARTICIPLE,STRESSED.PRO,δίδωμι
8,115,4,PP,HYPO,NON.PERFECT,NOUN,ANIMATE,NON.PARTICIPLE,NON.PRONOMINAL,ἁρπάζω
8,119,1,PP,EKS,NON.PERFECT,NOUN,INANIMATE,NON.PARTICIPLE,NON.PRONOMINAL,λέγω
8,119,1,DAT,NA,PERFECT,PRONOUN,INANIMATE,NON.PARTICIPLE,ENCLITIC.PRO,λέγω
8,124,2,PP,PROS,NON.PERFECT,NOUN,ANIMATE,NON.PARTICIPLE,NON.PRONOMINAL,τιμάω
8,125,2,PP,PROS,NON.PERFECT,NOUN,ANIMATE,NON.PARTICIPLE,NON.PRONOMINAL,τιμάω
8,127,1,PP,HYPO,NON.PERFECT,NOUN,ANIMATE,PARTICIPLE,NON.PRONOMINAL,ἐξανίστημι
8,135,1,PP,HYPO,NON.PERFECT,NOUN,INANIMATE,NON.PARTICIPLE,NON.PRONOMINAL,λέγω
8,135,3,PP,HYPO,NON.PERFECT,NOUN,INANIMATE,PARTICIPLE,NON.PRONOMINAL,λέγω
8,136,1,PP,EKS,NON.PERFECT,NOUN,INANIMATE,NON.PARTICIPLE,NON.PRONOMINAL,δίδωμι
8,138,3,PP,HYPO,NON.PERFECT,NOUN,INANIMATE,NON.PARTICIPLE,NON.PRONOMINAL,λέγω
8,140A,1,PP,HYPO,NON.PERFECT,NOUN,ANIMATE,PARTICIPLE,NON.PRONOMINAL,ἀποπέμπω
8,141,1,PP,HYPO,NON.PERFECT,NOUN,ANIMATE,NON.PARTICIPLE,NON.PRONOMINAL,ἐκπίπτω
8,141,1,PP,HYPO,NON.PERFECT,NOUN,ANIMATE,NON.PARTICIPLE,NON.PRONOMINAL,ἐκπίπτω
8,144,4,DAT,NA,PERFECT,PRONOUN,INANIMATE,NON.PARTICIPLE,STRESSED.PRO,ἐκπληρόω
9,7A,2,PP,HYPO,NON.PERFECT,NOUN,ANIMATE,PARTICIPLE,NON.PRONOMINAL,ἀδικέω
9,7A,2,PP,HYPO,NON.PERFECT,NOUN,ANIMATE,PARTICIPLE,NON.PRONOMINAL,καταπροδίδωμι
9,8,2,DAT,NA,PERFECT,PRONOUN,INANIMATE,NON.PARTICIPLE,ENCLITIC.PRO,τειχίζω
9,11,1,PP,HYPO,NON.PERFECT,PRONOUN,ANIMATE,PARTICIPLE,STRESSED.PRO,ἀδικέω
9,16,1,PP,HYPO,NON.PERFECT,NOUN,ANIMATE,NON.PARTICIPLE,NON.PRONOMINAL,καλέω
9,17,4,PP,HYPO,PERFECT,NOUN,ANIMATE,PARTICIPLE,NON.PRONOMINAL,διαβάλλω
9,26,7,DAT,NA,PERFECT,PRONOUN,INANIMATE,NON.PARTICIPLE,STRESSED.PRO,ἀγωνίζομαι
9,26,7,DAT,NA,PERFECT,PRONOUN,INANIMATE,NON.PARTICIPLE,ENCLITIC.PRO,κατεργάζομαι
9,26,7,DAT,NA,PERFECT,PRONOUN,INANIMATE,NON.PARTICIPLE,STRESSED.PRO,κατεργάζομαι
9,27,1,DAT,NA,PERFECT,PRONOUN,INANIMATE,NON.PARTICIPLE,STRESSED.PRO,κατεργάζομαι
9,27,2,PP,HYPO,NON.PERFECT,NOUN,ANIMATE,PARTICIPLE,NON.PRONOMINAL,ἐξελαύνω
9,27,5,DAT,NA,PERFECT,PRONOUN,ANIMATE,NON.PARTICIPLE,STRESSED.PRO,ἀποδείκνυμι
9,31,1,PP,HYPO,NON.PERFECT,NOUN,ANIMATE,NON.PARTICIPLE,NON.PRONOMINAL,ἀντιτάσσω
9,32,1,PP,HYPO,NON.PERFECT,NOUN,ANIMATE,PARTICIPLE,NON.PRONOMINAL,τάσσω
9,33,1,DAT,NA,PERFECT,PRONOUN,ANIMATE,NON.PARTICIPLE,ENCLITIC.PRO,τάσσω
9,37,3,PP,HYPO,NON.PERFECT,NOUN,ANIMATE,PARTICIPLE,NON.PRONOMINAL,φυλάσσω
9,37,4,PP,HYPO,NON.PERFECT,PRONOUN,ANIMATE,NON.PARTICIPLE,STRESSED.PRO,αἱρέω
9,38,1,DAT,NA,PERFECT,NOUN,ANIMATE,PARTICIPLE,NON.PRONOMINAL,μισθόω
9,43,1,DAT,NA,PERFECT,NOUN,INANIMATE,NON.PARTICIPLE,NON.PRONOMINAL,ποιέω
9,45,2,DAT,NA,PERFECT,PRONOUN,INANIMATE,NON.PARTICIPLE,ENCLITIC.PRO,δοκέω
9,48,1,PP,HYPO,NON.PERFECT,NOUN,ANIMATE,NON.PARTICIPLE,NON.PRONOMINAL,λέγω
9,50,1,PP,HYPO,NON.PERFECT,NOUN,ANIMATE,PARTICIPLE,NON.PRONOMINAL,ταράσσω
9,50,1,PP,HYPO,PERFECT,NOUN,ANIMATE,NON.PARTICIPLE,NON.PRONOMINAL,ἀποκλείω
9,52,1,DAT,NA,NON.PERFECT,PRONOUN,INANIMATE,NON.PARTICIPLE,ENCLITIC.PRO,σύγκειμαι
9,60,1,PP,HYPO,PERFECT,NOUN,ANIMATE,NON.PARTICIPLE,NON.PRONOMINAL,προδίδωμι
9,60,1,PP,HYPO,PERFECT,NOUN,ANIMATE,NON.PARTICIPLE,NON.PRONOMINAL,προδίδωμι
9,64,2,PP,HYPO,NON.PERFECT,NOUN,ANIMATE,NON.PARTICIPLE,NON.PRONOMINAL,ἀποθνήσκω
9,65,1,PP,HYPO,NON.PERFECT,NOUN,ANIMATE,NON.PARTICIPLE,NON.PRONOMINAL,τρέπω
9,66,1,PP,APO,NON.PERFECT,NOUN,ANIMATE,PARTICIPLE,NON.PRONOMINAL,λείπω
9,66,1,PP,EKS,NON.PERFECT,NOUN,INANIMATE,PARTICIPLE,NON.PRONOMINAL,ποιέω
9,72,2,DAT,NA,PERFECT,PRONOUN,INANIMATE,NON.PARTICIPLE,ENCLITIC.PRO,ἀποδείκνυμι
9,75,1,DAT,NA,PERFECT,NOUN,INANIMATE,NON.PARTICIPLE,NON.PRONOMINAL,ἐξεργάζομαι
9,75,1,PP,HYPO,NON.PERFECT,NOUN,ANIMATE,NON.PARTICIPLE,NON.PRONOMINAL,ἀποθνήσκω
9,76,1,DAT,NA,PERFECT,NOUN,ANIMATE,NON.PARTICIPLE,NON.PRONOMINAL,καταστορέννυμι
9,78,2,DAT,NA,PERFECT,PRONOUN,INANIMATE,NON.PARTICIPLE,ENCLITIC.PRO,ἐργάζομαι
9,81,2,PP,PROS,NON.PERFECT,PRONOUN,INANIMATE,NON.PARTICIPLE,STRESSED.PRO,λέγω
9,84,1,PP,HYPO,PERFECT,PRONOUN,INANIMATE,NON.PARTICIPLE,STRESSED.PRO,ἀφανίζω
9,85,2,PP,HYPO,NON.PERFECT,NOUN,ANIMATE,PARTICIPLE,NON.PRONOMINAL,διαφθείρω
9,87,1,DAT,NA,PERFECT,NOUN,INANIMATE,NON.PARTICIPLE,NON.PRONOMINAL,δοκέω
9,89,4,PP,HYPO,NON.PERFECT,NOUN,ANIMATE,PARTICIPLE,NON.PRONOMINAL,κατακόπτω
9,90,1,PP,HYPO,NON.PERFECT,NOUN,ANIMATE,PARTICIPLE,NON.PRONOMINAL,πέμπω
9,100,1,DAT,NA,PERFECT,NOUN,INANIMATE,NON.PARTICIPLE,NON.PRONOMINAL,παρασκευάζω
9,101,1,DAT,NA,PERFECT,PRONOUN,INANIMATE,NON.PARTICIPLE,ENCLITIC.PRO,λέγω
9,104,1,PP,EK,PERFECT,NOUN,INANIMATE,NON.PARTICIPLE,NON.PRONOMINAL,προστάσσω
9,108,1,DAT,NA,NON.PERFECT,PRONOUN,ANIMATE,NON.PARTICIPLE,ENCLITIC.PRO,κατεργάζομαι
9,109,3,DAT,NA,NON.PERFECT,NOUN,ANIMATE,NON.PARTICIPLE,NON.PRONOMINAL,ἐφευρίσκω
9,111,5,DAT,NA,PERFECT,PRONOUN,INANIMATE,NON.PARTICIPLE,ENCLITIC.PRO,πράσσω
9,116,3,PP,NA,NON.PERFECT,NOUN,ANIMATE,NON.PARTICIPLE,NON.PRONOMINAL,πολιορκέω
9,120,1,PP,HYPO,NON.PERFECT,NOUN,INANIMATE,NON.PARTICIPLE,NON.PRONOMINAL,λέγω
9,122,4,PP,HYPO,NON.PERFECT,NOUN,ANIMATE,PARTICIPLE,NON.PRONOMINAL,ἡσσάομαι
